producto_id;fecha_envio_limite;nombre_categoria_producto;longitud_nombre_producto;longitud_descripcion_producto;cantidad_fotos_producto;longitud_cm_producto;altura_cm_producto;ancho_cm_producto
PT66;19/09/2017 07:24;Tarjetas regalo;6;34;18;50;9;12
PB76;22/01/2018 11:30;Ropa de adultos;10;39;0;26;24;23
PJ55;09/12/2017 15:09;Mascotas;25;12;3;51;2;28
PO85;04/05/2018 04:15;Productos ecoamigables;33;25;25;19;26;28
PG31;17/09/2017 23:24;Salud;34;22;11;39;19;40
PC48;22/11/2017 01:10;Ropa infantil;36;28;16;39;24;1
PK81;23/02/2018 04:05;Deportes;32;17;30;7;17;22
PO23;14/03/2018 19:45;Productos ecoamigables;37;3;4;21;8;23
PN99;05/03/2018 09:58;Dormitorio;17;39;36;29;18;36
PD94;22/04/2018 02:19;Celulares;22;35;21;39;14;4
PM78;21/12/2017 21:50;Ferretería;21;3;17;21;5;24
PL32;19/02/2018 03:20;Libros;40;30;30;10;19;12
PE79;20/01/2018 15:38;Tecnología;36;34;14;15;41;14
PH88;05/11/2017 21:43;Bebés ;10;36;17;3;15;10
PP30;31/01/2018 16:57;Licor;2;26;33;68;22;13
PB42;01/05/2018 07:08;Ropa de adultos;21;6;6;21;8;11
PA46;31/07/2017 13:03;Electrodomésticos;36;20;20;13;14;55
PE20;05/10/2017 09:37;Tecnología;5;3;36;26;24;23
PK63;21/09/2017 18:28;Deportes;13;9;37;38;34;2
PI33;16/06/2018 16:43;Juguetes;14;15;39;53;29;35
PQ11;11/09/2017 01:42;Lácteos;21;30;38;36;42;29
PP91;14/04/2018 05:44;Licor;7;32;33;54;6;5
PD49;16/06/2018 01:28;Celulares;17;15;23;13;11;10
PK68;09/11/2017 10:06;Deportes;38;8;20;25;24;35
PL45;13/03/2018 11:49;Libros;6;19;9;34;11;40
PJ81;07/02/2018 07:18;Mascotas;25;34;37;41;21;24
PG39;18/05/2018 02:05;Salud;33;16;39;33;19;25
PM93;08/06/2018 07:51;Ferretería;12;2;14;29;1;15
PG72;13/05/2018 11:58;Salud;13;35;31;18;7;18
PE45;05/06/2018 01:42;Tecnología;17;26;19;52;9;10
PR85;19/09/2017 18:36;Frutas y verduras;16;37;27;5;28;23
PB66;20/02/2018 01:05;Ropa de adultos;7;33;33;32;28;16
PJ41;24/02/2018 04:10;Mascotas;33;25;18;44;24;18
PJ80;11/06/2018 13:39;Mascotas;22;17;11;40;23;36
PD53;24/11/2017 01:15;Celulares;11;31;25;52;37;31
PG10;10/09/2017 01:30;Salud;6;25;25;33;9;26
PH66;07/01/2018 06:51;Bebés ;25;13;17;31;14;22
PI14;16/11/2017 03:38;Juguetes;30;35;36;37;21;12
PT95;24/09/2017 12:42;Tarjetas regalo;1;25;16;35;1;6
PB39;21/07/2017 22:27;Ropa de adultos;32;29;36;55;1;9
PG48;03/04/2018 00:42;Salud;35;15;6;26;14;15
PK15;30/09/2017 10:32;Deportes;5;5;22;39;18;36
PO86;28/04/2018 14:24;Productos ecoamigables;8;3;39;30;35;24
PI36;10/10/2017 01:05;Juguetes;6;16;10;41;24;31
PI18;23/04/2018 05:39;Juguetes;17;17;7;32;57;15
PD91;20/12/2017 23:08;Celulares;29;17;14;30;6;22
PI93;22/12/2017 03:15;Juguetes;34;36;14;64;17;17
PR15;26/12/2017 00:55;Frutas y verduras;11;23;16;15;9;15
PR79;23/08/2017 04:28;Frutas y verduras;6;2;15;28;28;19
PB82;08/05/2018 16:15;Ropa de adultos;19;30;26;28;37;13
PG44;12/03/2018 09:44;Salud;40;3;14;9;18;12
PQ93;04/11/2017 22:00;Lácteos;14;22;6;26;17;37
PF17;21/02/2018 19:14;Muebles;7;2;13;18;24;24
PD25;15/05/2018 14:07;Celulares;6;11;17;19;17;28
PJ68;31/07/2017 21:58;Mascotas;13;10;4;41;1;38
PH36;14/12/2017 17:47;Bebés ;29;34;9;14;6;17
PD78;26/10/2017 17:29;Celulares;32;27;29;50;21;3
PA78;15/07/2017 22:26;Electrodomésticos;18;21;18;8;37;40
PN13;30/04/2018 13:58;Dormitorio;21;22;3;17;18;35
PI57;19/04/2018 11:12;Juguetes;37;40;36;40;7;17
PA93;21/08/2017 21:33;Electrodomésticos;20;19;20;17;29;23
PL28;29/07/2017 12:59;Libros;22;3;37;8;4;22
PQ88;15/07/2017 05:37;Lácteos;38;1;23;31;9;12
PT98;11/01/2018 10:47;Tarjetas regalo;16;14;20;40;19;14
PI43;11/11/2017 21:00;Juguetes;32;15;2;28;3;44
PS32;26/03/2018 17:14;Carnicería;8;6;36;38;32;2
PJ62;02/11/2017 06:53;Mascotas;6;10;32;54;20;14
PR58;12/10/2017 01:53;Frutas y verduras;4;32;40;29;22;20
PE89;15/07/2017 20:32;Tecnología;32;18;30;40;33;12
PS87;09/01/2018 02:01;Carnicería;14;33;22;24;18;25
PL85;01/03/2018 00:54;Libros;30;40;30;35;3;50
PI33;27/05/2018 14:06;Juguetes;29;38;40;15;14;16
PA35;31/01/2018 09:23;Electrodomésticos;34;24;5;14;10;24
PI69;22/07/2017 10:18;Juguetes;38;2;21;43;14;13
PK10;01/02/2018 20:35;Deportes;5;31;10;4;17;28
PQ82;23/11/2017 00:09;Lácteos;36;19;33;52;0;9
PE33;16/12/2017 15:19;Tecnología;6;37;5;37;11;15
PK85;15/03/2018 03:05;Deportes;8;37;7;33;19;19
PA15;21/10/2017 05:41;Electrodomésticos;27;37;20;23;24;2
PO43;27/04/2018 23:34;Productos ecoamigables;17;22;33;10;5;50
PA13;29/10/2017 14:49;Electrodomésticos;20;12;9;35;25;12
PF92;25/01/2018 02:17;Muebles;4;6;10;32;0;23
PK98;16/04/2018 02:26;Deportes;38;28;22;41;42;6
PL35;25/10/2017 06:17;Libros;20;30;15;24;28;22
PM95;24/08/2017 19:33;Ferretería;25;1;34;38;20;27
PT27;10/06/2018 11:56;Tarjetas regalo;1;31;22;43;16;16
PF52;21/08/2017 17:26;Muebles;1;7;7;15;15;19
PF74;01/08/2017 13:25;Muebles;8;36;11;10;35;38
PS63;06/06/2018 13:05;Carnicería;39;1;2;40;17;18
PT22;15/10/2017 08:05;Tarjetas regalo;9;27;30;32;11;40
PI67;04/03/2018 17:21;Juguetes;33;12;3;40;2;16
PT67;10/04/2018 07:57;Tarjetas regalo;5;0;39;12;14;41
PB95;31/12/2017 14:50;Ropa de adultos;29;40;38;29;18;14
PJ98;16/09/2017 14:29;Mascotas;23;16;14;44;1;20
PH82;08/12/2017 14:35;Bebés ;6;3;12;20;30;23
PF98;19/08/2017 07:59;Muebles;34;26;25;27;16;23
PN36;25/02/2018 17:23;Dormitorio;38;12;16;35;18;31
PB32;25/09/2017 05:26;Ropa de adultos;31;33;14;33;14;26
PS26;12/12/2017 00:27;Carnicería;4;17;16;47;1;26
PJ75;28/03/2018 16:26;Mascotas;15;6;11;2;18;26
PN65;09/10/2017 12:48;Dormitorio;7;36;0;52;17;32
PM14;13/05/2018 07:12;Ferretería;37;0;22;30;19;34
PA21;25/10/2017 15:27;Electrodomésticos;9;17;13;17;21;29
PJ88;07/08/2017 14:00;Mascotas;40;16;15;41;15;29
PP77;22/07/2017 00:30;Licor;15;32;32;41;6;25
PB97;12/09/2017 15:31;Ropa de adultos;18;14;13;25;18;47
PQ67;15/03/2018 00:03;Lácteos;22;40;18;27;11;22
PD56;02/08/2017 11:21;Celulares;13;16;28;22;10;30
PM64;04/10/2017 03:01;Ferretería;12;33;11;48;20;28
PT66;28/05/2018 04:57;Tarjetas regalo;18;10;12;18;1;15
PD20;09/10/2017 16:05;Celulares;15;0;35;6;9;11
PH17;30/11/2017 10:11;Bebés ;4;34;2;20;27;34
PT84;20/03/2018 05:16;Tarjetas regalo;34;32;28;30;25;27
PT24;11/05/2018 01:11;Tarjetas regalo;28;25;15;14;21;20
PI62;30/12/2017 21:54;Juguetes;32;11;15;44;12;29
PD45;17/08/2017 22:53;Celulares;31;5;38;59;22;24
PJ95;02/11/2017 15:04;Mascotas;10;40;7;44;26;30
PO35;12/09/2017 08:35;Productos ecoamigables;38;23;12;30;5;43
PR58;24/03/2018 22:25;Frutas y verduras;33;0;28;24;9;47
PO44;09/11/2017 17:10;Productos ecoamigables;16;13;17;50;16;13
PN22;05/12/2017 17:07;Dormitorio;28;8;15;48;26;20
PR52;18/01/2018 10:12;Frutas y verduras;31;0;2;19;27;16
PN37;09/02/2018 20:40;Dormitorio;39;37;6;22;10;1
PI19;08/12/2017 08:55;Juguetes;2;3;0;32;25;31
PI33;14/08/2017 23:23;Juguetes;4;22;24;51;30;32
PD22;20/12/2017 11:16;Celulares;19;9;31;21;10;22
PF39;07/10/2017 00:54;Muebles;39;40;24;22;23;8
PQ66;16/11/2017 11:39;Lácteos;6;30;37;4;22;2
PL26;29/11/2017 18:45;Libros;31;23;23;42;37;27
PD92;26/11/2017 00:40;Celulares;16;17;29;26;2;42
PC26;15/03/2018 17:15;Ropa infantil;7;8;14;74;14;0
PL13;02/04/2018 14:30;Libros;4;34;24;22;19;40
PD10;28/04/2018 06:23;Celulares;34;30;18;42;11;25
PK84;22/03/2018 16:42;Deportes;36;29;24;42;26;35
PO44;16/06/2018 00:26;Productos ecoamigables;33;23;12;22;18;22
PD22;11/10/2017 16:59;Celulares;37;8;22;14;4;13
PI70;25/12/2017 22:09;Juguetes;40;9;19;0;30;26
PT55;02/01/2018 20:27;Tarjetas regalo;4;2;36;3;21;28
PQ62;18/06/2018 16:06;Lácteos;21;9;16;20;3;31
PE21;21/09/2017 13:56;Tecnología;7;6;9;55;35;45
PE35;25/12/2017 22:51;Tecnología;29;39;25;28;12;19
PT38;17/01/2018 11:50;Tarjetas regalo;8;1;21;59;19;25
PB40;04/02/2018 03:16;Ropa de adultos;19;40;21;48;8;22
PF76;12/05/2018 07:33;Muebles;33;2;8;24;38;41
PC46;07/05/2018 17:57;Ropa infantil;2;30;1;20;4;22
PL33;02/09/2017 18:25;Libros;3;40;28;26;9;41
PJ37;21/10/2017 13:34;Mascotas;23;1;10;14;10;37
PM15;03/12/2017 04:58;Ferretería;0;34;32;37;14;31
PG42;14/01/2018 20:44;Salud;12;21;4;28;37;31
PI23;11/08/2017 13:42;Juguetes;34;28;19;19;10;39
PT35;29/08/2017 08:20;Tarjetas regalo;9;22;21;27;13;35
PJ41;15/01/2018 08:57;Mascotas;36;32;11;19;30;22
PO19;13/05/2018 02:41;Productos ecoamigables;37;32;33;38;22;23
PR78;12/08/2017 20:21;Frutas y verduras;1;2;10;18;13;23
PN14;09/01/2018 07:10;Dormitorio;27;5;13;3;1;11
PO65;15/03/2018 23:23;Productos ecoamigables;14;36;13;39;21;22
PG16;10/06/2018 03:13;Salud;30;11;13;3;11;18
PB65;25/01/2018 15:42;Ropa de adultos;10;8;25;23;16;33
PS37;16/11/2017 21:06;Carnicería;13;13;32;35;16;35
PL35;09/11/2017 00:34;Libros;11;9;25;21;13;24
PR87;19/05/2018 23:21;Frutas y verduras;7;1;17;37;6;29
PM78;23/09/2017 02:23;Ferretería;34;20;23;29;9;28
PI92;06/01/2018 07:04;Juguetes;33;10;27;27;1;33
PM42;02/11/2017 16:37;Ferretería;22;27;36;24;16;31
PF44;04/01/2018 13:09;Muebles;24;27;24;20;12;33
PH70;01/02/2018 11:28;Bebés ;9;5;0;13;17;16
PQ64;02/08/2017 07:31;Lácteos;24;30;4;16;16;2
PN28;30/10/2017 03:57;Dormitorio;25;36;28;24;18;12
PB22;11/12/2017 00:40;Ropa de adultos;8;6;26;43;16;21
PL62;12/02/2018 21:02;Libros;18;15;11;38;33;20
PP47;11/11/2017 18:43;Licor;35;35;9;47;4;13
PJ16;18/07/2017 15:30;Mascotas;31;13;33;25;2;38
PR85;24/10/2017 08:10;Frutas y verduras;24;3;4;22;10;9
PJ94;21/01/2018 02:24;Mascotas;35;20;29;33;16;24
PF36;29/04/2018 06:46;Muebles;16;8;37;25;31;42
PQ58;19/06/2018 13:50;Lácteos;22;20;36;21;17;42
PF64;04/11/2017 07:35;Muebles;4;19;17;45;1;34
PQ61;20/03/2018 14:11;Lácteos;2;33;14;30;19;17
PT68;12/03/2018 14:08;Tarjetas regalo;37;6;39;60;12;10
PJ35;28/02/2018 22:22;Mascotas;34;24;22;38;27;24
PI11;14/09/2017 14:18;Juguetes;30;35;30;24;15;15
PC92;04/12/2017 21:27;Ropa infantil;40;5;29;4;8;27
PT97;21/02/2018 06:27;Tarjetas regalo;8;4;38;31;23;27
PM66;13/05/2018 18:43;Ferretería;31;29;1;61;21;22
PB73;08/04/2018 06:43;Ropa de adultos;29;39;7;19;11;32
PJ83;10/03/2018 22:25;Mascotas;4;5;10;21;25;26
PE56;23/04/2018 19:11;Tecnología;23;14;22;59;11;26
PL31;01/12/2017 05:23;Libros;4;10;37;39;25;24
PN18;03/08/2017 16:33;Dormitorio;0;29;9;39;27;21
PF90;19/07/2017 11:58;Muebles;6;34;7;21;37;29
PB95;24/02/2018 00:48;Ropa de adultos;27;1;36;43;16;16
PC95;31/07/2017 02:35;Ropa infantil;12;20;13;55;12;12
PI16;11/03/2018 23:04;Juguetes;14;1;40;19;10;32
PK61;28/07/2017 01:43;Deportes;32;17;7;27;14;20
PT98;02/03/2018 06:10;Tarjetas regalo;37;33;20;29;3;23
PH72;29/11/2017 14:29;Bebés ;0;25;6;37;27;32
PC33;20/06/2018 18:53;Ropa infantil;33;25;23;71;18;30
PN82;30/09/2017 08:47;Dormitorio;33;32;29;17;28;26
PE72;20/06/2018 18:36;Tecnología;28;18;40;39;12;8
PE61;05/09/2017 12:07;Tecnología;40;35;15;25;2;27
PI29;06/09/2017 13:19;Juguetes;29;29;18;52;36;2
PF29;21/03/2018 18:50;Muebles;22;34;22;36;2;3
PH34;31/07/2017 01:31;Bebés ;14;25;30;6;1;22
PJ72;30/09/2017 08:09;Mascotas;34;39;1;33;32;14
PP12;16/06/2018 11:44;Licor;4;19;20;28;32;23
PM83;14/04/2018 12:23;Ferretería;38;14;24;19;14;19
PP78;01/09/2017 03:29;Licor;25;7;4;16;5;16
PK90;25/09/2017 11:46;Deportes;39;26;8;33;8;39
PB30;20/12/2017 19:04;Ropa de adultos;11;17;22;7;19;29
PK38;04/04/2018 16:56;Deportes;2;1;39;42;7;29
PC53;26/12/2017 08:45;Ropa infantil;31;20;36;36;34;25
PA59;31/03/2018 13:07;Electrodomésticos;13;33;11;39;4;43
PH69;12/09/2017 01:33;Bebés ;34;3;34;41;25;5
PO81;24/11/2017 12:37;Productos ecoamigables;7;16;39;36;8;14
PL27;28/03/2018 11:41;Libros;34;35;34;46;22;12
PK59;19/01/2018 15:13;Deportes;39;28;13;27;3;27
PJ92;23/03/2018 14:12;Mascotas;10;36;39;37;27;27
PI51;31/10/2017 07:06;Juguetes;14;17;13;21;46;27
PI86;20/06/2018 22:38;Juguetes;2;35;32;5;4;32
PJ31;21/12/2017 11:12;Mascotas;33;8;9;39;42;31
PQ84;01/02/2018 15:37;Lácteos;3;13;6;44;27;6
PB88;21/07/2017 17:23;Ropa de adultos;24;25;34;14;14;24
PK87;10/09/2017 00:45;Deportes;4;20;20;36;26;32
PR19;07/12/2017 21:15;Frutas y verduras;9;29;10;27;9;39
PG50;14/04/2018 03:52;Salud;25;20;15;32;14;14
PS94;28/03/2018 11:38;Carnicería;17;10;24;9;13;16
PG74;12/10/2017 22:20;Salud;26;1;28;44;11;16
PR22;04/11/2017 15:53;Frutas y verduras;40;28;17;34;4;21
PE18;23/07/2017 13:52;Tecnología;29;13;1;18;15;13
PF43;22/07/2017 13:34;Muebles;9;13;26;38;9;38
PO78;27/12/2017 22:55;Productos ecoamigables;16;39;8;27;19;16
PN29;05/01/2018 02:36;Dormitorio;15;37;33;24;41;15
PR98;28/08/2017 15:59;Frutas y verduras;14;7;19;51;21;20
PG87;29/10/2017 17:20;Salud;29;32;30;41;37;12
PN43;25/10/2017 00:23;Dormitorio;35;19;20;8;23;28
PQ38;17/03/2018 19:09;Lácteos;40;10;24;25;9;31
PS69;13/01/2018 10:12;Carnicería;22;8;28;15;20;3
PJ80;24/12/2017 10:04;Mascotas;0;34;17;16;3;11
PB75;20/12/2017 23:57;Ropa de adultos;29;20;27;49;16;24
PQ34;12/03/2018 03:06;Lácteos;9;10;10;26;27;20
PP12;09/08/2017 00:21;Licor;11;4;40;41;15;13
PH95;30/05/2018 15:03;Bebés ;27;19;16;54;10;12
PB63;14/03/2018 01:18;Ropa de adultos;26;34;22;37;17;27
PL75;23/04/2018 08:52;Libros;39;3;40;11;1;37
PK44;27/11/2017 20:30;Deportes;30;1;16;23;7;25
PL61;19/11/2017 13:46;Libros;11;3;36;49;1;30
PJ62;07/08/2017 03:21;Mascotas;15;25;26;44;49;29
PN28;18/03/2018 01:01;Dormitorio;34;19;22;24;21;17
PT88;19/06/2018 09:30;Tarjetas regalo;29;28;2;43;16;23
PE99;17/09/2017 04:22;Tecnología;34;37;21;0;17;50
PK79;24/02/2018 14:12;Deportes;5;29;15;44;25;14
PS34;14/01/2018 19:46;Carnicería;32;27;39;29;13;21
PB60;26/02/2018 19:34;Ropa de adultos;5;3;17;17;25;21
PE15;25/08/2017 07:04;Tecnología;15;1;7;48;7;22
PF75;06/02/2018 21:25;Muebles;5;11;0;21;0;20
PR94;17/04/2018 06:48;Frutas y verduras;25;0;36;36;13;32
PP89;07/10/2017 18:20;Licor;29;14;18;31;18;19
PS63;04/05/2018 07:24;Carnicería;36;0;35;49;6;18
PJ65;19/04/2018 20:06;Mascotas;18;40;13;16;4;21
PC23;21/02/2018 13:00;Ropa infantil;31;34;26;0;10;25
PE91;25/10/2017 06:48;Tecnología;10;13;10;52;22;39
PK54;17/05/2018 23:05;Deportes;38;33;29;26;21;15
PS51;10/12/2017 12:42;Carnicería;20;0;19;2;32;29
PA33;14/01/2018 01:21;Electrodomésticos;17;26;6;27;17;23
PF54;24/11/2017 21:20;Muebles;23;39;24;1;26;44
PB49;05/05/2018 04:14;Ropa de adultos;14;27;1;10;13;19
PT32;25/08/2017 21:42;Tarjetas regalo;25;4;25;52;8;29
PD28;17/12/2017 17:18;Celulares;17;25;4;40;31;40
PT27;18/08/2017 20:06;Tarjetas regalo;16;3;34;22;28;37
PC36;12/02/2018 10:21;Ropa infantil;3;27;39;31;23;15
PG52;22/09/2017 15:56;Salud;15;1;11;41;11;12
PT50;26/08/2017 17:17;Tarjetas regalo;6;7;16;13;17;14
PC85;04/12/2017 00:34;Ropa infantil;25;35;27;13;9;45
PD31;21/11/2017 17:48;Celulares;37;22;16;33;9;41
PJ68;21/09/2017 08:38;Mascotas;28;1;30;55;36;22
PB99;04/05/2018 15:44;Ropa de adultos;23;40;35;33;18;22
PN43;13/06/2018 00:20;Dormitorio;19;33;23;41;22;18
PC43;16/04/2018 21:18;Ropa infantil;16;25;22;39;21;26
PP78;18/11/2017 12:42;Licor;24;18;3;25;11;17
PL44;22/02/2018 09:10;Libros;27;8;1;48;0;7
PO30;04/01/2018 06:55;Productos ecoamigables;4;20;7;25;46;26
PG94;23/03/2018 19:32;Salud;39;11;21;13;28;10
PQ83;13/02/2018 01:34;Lácteos;35;32;40;12;15;9
PG60;04/02/2018 19:32;Salud;4;22;9;5;10;11
PK82;17/06/2018 17:20;Deportes;5;36;21;52;18;11
PG38;28/08/2017 14:05;Salud;14;30;1;24;28;22
PM49;03/10/2017 03:45;Ferretería;8;31;29;19;15;22
PC53;27/05/2018 19:35;Ropa infantil;33;21;16;24;14;10
PT71;05/05/2018 20:15;Tarjetas regalo;10;2;14;38;3;37
PE77;22/11/2017 08:17;Tecnología;39;9;15;22;39;21
PM39;26/09/2017 12:38;Ferretería;18;3;15;35;24;13
PI42;11/12/2017 05:43;Juguetes;38;18;19;39;19;38
PC20;09/04/2018 03:45;Ropa infantil;12;11;11;67;39;28
PQ91;22/07/2017 20:03;Lácteos;36;38;35;8;26;33
PC65;16/06/2018 23:06;Ropa infantil;13;8;26;13;38;6
PG32;20/09/2017 02:42;Salud;11;24;36;5;11;3
PI89;21/04/2018 17:04;Juguetes;10;38;6;49;29;44
PT95;28/04/2018 20:42;Tarjetas regalo;3;7;22;22;39;12
PO19;25/04/2018 15:48;Productos ecoamigables;24;39;13;53;34;11
PR24;22/07/2017 13:22;Frutas y verduras;10;39;18;9;9;26
PL96;15/06/2018 18:55;Libros;21;39;39;7;20;21
PR76;02/11/2017 13:56;Frutas y verduras;16;19;34;14;4;26
PO15;30/04/2018 23:22;Productos ecoamigables;21;10;16;12;24;17
PJ86;04/04/2018 03:18;Mascotas;30;19;9;20;27;8
PA22;25/10/2017 20:49;Electrodomésticos;1;39;40;58;21;27
PM39;05/10/2017 02:41;Ferretería;0;4;9;41;5;19
PK27;12/08/2017 17:09;Deportes;12;33;5;54;17;26
PA15;19/03/2018 03:10;Electrodomésticos;27;8;26;17;4;1
PM23;02/09/2017 02:24;Ferretería;28;35;28;24;12;42
PM61;18/10/2017 03:24;Ferretería;29;20;4;45;13;30
PP37;18/11/2017 04:34;Licor;21;25;33;28;24;19
PP80;16/06/2018 04:11;Licor;33;2;35;55;18;21
PK52;29/04/2018 09:00;Deportes;16;6;3;24;16;18
PG86;24/05/2018 02:38;Salud;1;22;37;12;4;45
PI77;19/01/2018 18:54;Juguetes;0;35;31;38;15;21
PA42;16/11/2017 12:12;Electrodomésticos;23;30;10;57;23;4
PS88;25/05/2018 22:10;Carnicería;16;18;40;43;6;35
PD33;26/04/2018 21:55;Celulares;30;39;4;21;15;32
PR72;26/02/2018 12:55;Frutas y verduras;40;0;5;19;4;21
PF79;30/04/2018 13:47;Muebles;11;20;29;18;29;27
PQ46;13/05/2018 06:54;Lácteos;35;14;16;31;43;26
PR14;26/01/2018 08:20;Frutas y verduras;4;34;11;12;12;34
PQ85;02/01/2018 21:30;Lácteos;12;8;2;29;30;42
PO27;06/02/2018 20:09;Productos ecoamigables;27;11;4;45;22;43
PA20;20/09/2017 19:30;Electrodomésticos;0;36;7;43;3;24
PR42;07/03/2018 23:29;Frutas y verduras;39;3;2;16;15;37
PR41;17/04/2018 02:57;Frutas y verduras;27;36;14;40;10;15
PP36;20/08/2017 15:34;Licor;38;4;27;40;46;30
PN54;22/07/2017 18:35;Dormitorio;18;28;33;17;19;43
PL77;20/01/2018 20:34;Libros;16;32;19;36;14;34
PI10;13/05/2018 06:24;Juguetes;31;21;20;57;13;21
PD90;24/11/2017 01:14;Celulares;19;27;30;27;16;11
PO55;02/02/2018 11:31;Productos ecoamigables;28;7;25;45;1;29
PE40;19/12/2017 09:44;Tecnología;15;6;20;34;6;7
PK94;08/02/2018 22:24;Deportes;9;36;36;15;3;32
PD64;08/02/2018 00:16;Celulares;14;9;10;20;18;31
PC83;18/01/2018 05:24;Ropa infantil;40;13;28;30;11;28
PP19;16/10/2017 01:56;Licor;25;8;20;44;12;24
PA22;28/01/2018 08:41;Electrodomésticos;15;38;30;22;0;21
PD51;25/04/2018 16:28;Celulares;18;18;20;31;16;40
PB34;16/02/2018 19:45;Ropa de adultos;17;37;28;30;14;42
PB58;14/01/2018 06:52;Ropa de adultos;19;0;31;24;14;25
PL60;27/03/2018 08:25;Libros;40;8;19;68;1;33
PF30;07/08/2017 22:34;Muebles;38;30;6;38;47;15
PA17;09/08/2017 17:23;Electrodomésticos;36;22;26;42;3;25
PJ73;12/04/2018 15:26;Mascotas;40;0;28;36;36;24
PH77;08/06/2018 03:44;Bebés ;22;22;27;68;10;30
PS69;17/09/2017 18:28;Carnicería;30;18;40;22;6;12
PQ49;19/09/2017 18:33;Lácteos;7;40;29;72;2;14
PM22;15/03/2018 12:28;Ferretería;21;7;28;1;8;27
PM13;06/09/2017 23:30;Ferretería;11;28;22;36;33;26
PB41;17/11/2017 15:10;Ropa de adultos;7;2;13;40;26;34
PT86;09/05/2018 03:11;Tarjetas regalo;0;16;5;32;2;45
PQ46;18/12/2017 14:01;Lácteos;38;22;32;1;18;21
PI10;21/03/2018 22:06;Juguetes;35;20;28;57;4;31
PP76;04/08/2017 00:23;Licor;28;18;33;12;18;23
PP46;09/04/2018 05:26;Licor;28;21;24;35;22;39
PK18;30/11/2017 15:59;Deportes;27;1;0;59;7;22
PD22;22/01/2018 09:59;Celulares;9;9;27;56;13;18
PB94;06/08/2017 07:57;Ropa de adultos;33;29;33;24;8;6
PN18;12/10/2017 04:17;Dormitorio;6;20;30;20;22;37
PI94;29/08/2017 11:01;Juguetes;40;38;13;53;2;32
PS68;21/11/2017 11:56;Carnicería;22;35;37;30;19;28
PN84;23/07/2017 13:48;Dormitorio;15;36;9;58;30;32
PF87;02/06/2018 17:48;Muebles;15;26;15;31;13;13
PK44;13/11/2017 20:52;Deportes;24;32;9;48;11;22
PO15;26/08/2017 20:15;Productos ecoamigables;39;19;15;24;53;8
PN19;10/04/2018 07:30;Dormitorio;22;12;12;39;45;15
PP52;28/07/2017 11:45;Licor;39;40;32;59;12;25
PR29;18/11/2017 02:33;Frutas y verduras;11;20;2;37;24;17
PM85;06/05/2018 12:19;Ferretería;1;22;34;10;29;8
PF65;01/02/2018 21:44;Muebles;37;8;5;40;34;14
PF30;09/04/2018 08:38;Muebles;33;21;2;11;21;10
PJ15;21/10/2017 18:04;Mascotas;34;3;25;45;41;13
PK51;07/02/2018 16:49;Deportes;31;0;16;25;37;20
PB32;22/03/2018 19:26;Ropa de adultos;31;5;33;20;25;25
PP30;17/03/2018 13:01;Licor;7;32;36;27;26;49
PF70;16/11/2017 07:32;Muebles;30;19;3;2;19;11
PH20;01/05/2018 14:17;Bebés ;17;25;31;26;9;32
PM53;30/04/2018 23:28;Ferretería;2;1;23;47;19;30
PP79;30/11/2017 12:55;Licor;34;32;32;21;27;14
PI43;21/12/2017 03:41;Juguetes;23;10;31;29;41;20
PR72;28/07/2017 12:15;Frutas y verduras;23;23;9;29;12;29
PT71;20/09/2017 01:53;Tarjetas regalo;18;33;40;12;4;9
PH98;01/06/2018 22:41;Bebés ;7;22;35;43;12;23
PR61;07/02/2018 23:10;Frutas y verduras;22;7;15;29;8;1
PQ69;20/06/2018 18:51;Lácteos;13;3;40;23;18;22
PF60;20/03/2018 10:21;Muebles;31;26;23;44;14;28
PJ35;30/11/2017 06:01;Mascotas;5;9;3;44;24;27
PR18;26/05/2018 07:00;Frutas y verduras;34;1;16;9;12;14
PB34;17/02/2018 18:53;Ropa de adultos;25;9;34;13;26;16
PK60;20/01/2018 15:14;Deportes;19;10;40;19;15;15
PT43;24/02/2018 03:43;Tarjetas regalo;15;21;29;48;24;3
PL44;12/10/2017 15:34;Libros;3;3;36;10;36;29
PO36;09/08/2017 06:09;Productos ecoamigables;23;14;7;58;18;25
PA84;30/05/2018 08:13;Electrodomésticos;0;6;19;4;12;20
PO73;02/12/2017 00:14;Productos ecoamigables;11;16;30;10;0;1
PD29;25/12/2017 13:38;Celulares;15;4;18;26;6;27
PQ46;31/08/2017 09:58;Lácteos;21;27;23;6;32;33
PB18;03/09/2017 00:38;Ropa de adultos;19;2;16;19;10;23
PG56;08/12/2017 03:10;Salud;25;40;15;42;3;13
PG55;28/08/2017 18:26;Salud;4;13;27;1;14;9
PE33;24/06/2018 17:50;Tecnología;31;0;36;30;6;24
PN79;27/12/2017 08:39;Dormitorio;1;4;34;40;36;56
PI72;26/11/2017 06:35;Juguetes;36;26;4;17;1;24
PO47;09/03/2018 15:45;Productos ecoamigables;7;4;13;9;15;40
PQ61;29/04/2018 09:47;Lácteos;13;31;32;19;21;22
PB56;09/11/2017 02:38;Ropa de adultos;8;38;23;36;16;31
PK46;24/09/2017 11:07;Deportes;22;2;30;16;22;27
PS26;21/02/2018 02:17;Carnicería;21;18;12;42;35;11
PA74;30/08/2017 03:52;Electrodomésticos;19;1;18;22;5;18
PJ84;03/09/2017 10:51;Mascotas;27;34;20;30;25;21
PH19;29/01/2018 11:42;Bebés ;30;13;26;18;61;15
PI14;26/10/2017 05:29;Juguetes;28;5;31;19;12;27
PN34;28/07/2017 12:03;Dormitorio;32;16;29;37;7;30
PQ97;08/05/2018 05:16;Lácteos;27;32;0;25;11;20
PM45;02/11/2017 04:42;Ferretería;26;25;9;52;32;19
PA81;30/09/2017 19:23;Electrodomésticos;11;19;22;2;14;21
PJ86;31/07/2017 04:29;Mascotas;15;8;6;27;30;10
PH50;22/01/2018 11:59;Bebés ;26;4;23;17;19;37
PF23;30/08/2017 14:48;Muebles;37;17;16;12;9;31
PP46;26/07/2017 21:59;Licor;0;38;39;17;39;7
PD59;06/10/2017 16:11;Celulares;14;5;21;31;13;23
PD52;08/03/2018 11:16;Celulares;1;28;16;49;24;20
PI61;17/02/2018 06:33;Juguetes;18;26;2;31;30;28
PL74;06/09/2017 23:13;Libros;30;23;8;4;5;50
PC49;28/01/2018 00:34;Ropa infantil;19;28;27;38;10;10
PJ79;05/12/2017 11:27;Mascotas;17;39;38;26;22;34
PH57;10/12/2017 06:59;Bebés ;2;2;11;39;25;41
PM42;17/12/2017 22:50;Ferretería;37;21;13;12;13;24
PM25;31/05/2018 12:13;Ferretería;26;0;16;17;21;1
PE70;12/11/2017 21:09;Tecnología;16;29;16;24;0;46
PP52;26/01/2018 22:34;Licor;15;34;38;42;5;11
PN18;07/02/2018 14:06;Dormitorio;11;14;11;25;1;25
PB55;24/03/2018 17:42;Ropa de adultos;30;21;19;15;33;19
PL49;17/11/2017 14:17;Libros;7;22;7;40;32;17
PT33;02/10/2017 19:02;Tarjetas regalo;30;35;39;18;19;18
PE42;03/11/2017 21:33;Tecnología;38;40;9;36;10;9
PF23;02/12/2017 13:55;Muebles;30;32;40;37;25;18
PS61;01/03/2018 02:40;Carnicería;11;9;30;9;8;33
PE20;01/12/2017 22:15;Tecnología;36;28;5;27;22;16
PF31;12/02/2018 22:19;Muebles;1;20;1;23;17;9
PR59;05/11/2017 03:03;Frutas y verduras;16;2;10;22;36;24
PE92;08/06/2018 02:07;Tecnología;28;12;14;40;2;23
PD16;15/01/2018 11:26;Celulares;29;6;5;41;32;41
PM35;09/09/2017 10:59;Ferretería;5;23;13;41;6;3
PA18;10/04/2018 04:02;Electrodomésticos;39;19;35;29;53;27
PB71;20/10/2017 01:57;Ropa de adultos;20;7;15;49;42;4
PH81;13/09/2017 00:21;Bebés ;1;28;2;37;20;29
PM15;08/10/2017 11:46;Ferretería;4;23;1;23;24;36
PH43;09/12/2017 17:18;Bebés ;31;26;18;37;2;28
PL13;02/10/2017 01:08;Libros;1;23;17;31;16;35
PP73;05/01/2018 08:14;Licor;36;37;34;49;5;2
PR59;11/09/2017 13:01;Frutas y verduras;32;21;1;39;17;13
PG26;18/11/2017 04:00;Salud;24;17;5;28;28;10
PD30;19/01/2018 12:12;Celulares;26;13;40;39;21;12
PD91;20/06/2018 07:56;Celulares;27;40;10;11;3;13
PD37;30/11/2017 00:51;Celulares;16;14;24;16;44;13
PN37;29/07/2017 07:20;Dormitorio;31;19;32;24;27;41
PA13;04/11/2017 23:19;Electrodomésticos;5;4;17;41;2;16
PE11;17/07/2017 05:16;Tecnología;18;20;9;21;30;5
PD31;03/11/2017 13:34;Celulares;38;19;34;27;13;28
PN50;14/08/2017 04:14;Dormitorio;10;17;0;67;27;31
PJ29;22/10/2017 20:06;Mascotas;34;40;34;33;14;39
PJ81;16/01/2018 05:57;Mascotas;7;27;7;19;8;23
PJ39;14/04/2018 14:22;Mascotas;24;26;36;17;32;17
PJ10;17/09/2017 05:33;Mascotas;37;34;33;14;31;14
PE49;22/11/2017 11:04;Tecnología;25;10;30;32;13;23
PM65;03/08/2017 15:14;Ferretería;26;14;11;6;27;22
PC53;25/06/2018 10:24;Ropa infantil;19;33;37;41;19;26
PG34;26/09/2017 02:40;Salud;6;17;31;25;8;24
PC61;04/09/2017 12:44;Ropa infantil;30;23;13;40;4;12
PA23;20/06/2018 15:35;Electrodomésticos;34;13;30;18;22;13
PR51;22/10/2017 06:01;Frutas y verduras;13;28;26;32;31;19
PL65;06/09/2017 05:01;Libros;18;23;4;57;6;18
PE47;13/06/2018 10:18;Tecnología;40;30;8;18;33;34
PD32;22/05/2018 12:48;Celulares;5;25;1;14;20;41
PA13;29/11/2017 16:44;Electrodomésticos;15;40;28;50;24;20
PA55;04/01/2018 04:54;Electrodomésticos;19;16;27;48;28;26
PE43;07/09/2017 07:49;Tecnología;17;10;37;37;10;3
PI11;08/01/2018 01:47;Juguetes;17;23;4;13;44;8
PC61;17/06/2018 10:17;Ropa infantil;0;35;0;23;12;25
PB85;17/09/2017 03:38;Ropa de adultos;20;40;35;64;5;4
PR54;31/05/2018 02:08;Frutas y verduras;18;2;18;52;7;21
PT57;06/06/2018 08:15;Tarjetas regalo;7;34;28;27;32;23
PB22;16/11/2017 01:49;Ropa de adultos;26;32;15;4;3;16
PL18;15/07/2017 14:31;Libros;3;7;36;14;19;30
PA73;05/05/2018 08:08;Electrodomésticos;28;39;6;33;12;19
PL85;06/08/2017 20:53;Libros;2;13;20;50;29;15
PT25;02/08/2017 14:05;Tarjetas regalo;4;26;19;24;4;53
PQ93;26/04/2018 16:08;Lácteos;1;3;34;24;32;17
PF57;28/01/2018 09:20;Muebles;5;15;9;18;44;41
PB58;14/01/2018 01:23;Ropa de adultos;31;5;21;49;28;7
PT37;29/04/2018 07:30;Tarjetas regalo;1;39;8;24;0;9
PA46;24/01/2018 14:10;Electrodomésticos;2;35;18;4;30;40
PK79;19/06/2018 22:54;Deportes;4;31;40;70;2;37
PA35;27/03/2018 03:09;Electrodomésticos;36;15;8;45;15;22
PR21;25/07/2017 09:44;Frutas y verduras;23;31;17;50;0;26
PJ30;21/04/2018 14:51;Mascotas;24;30;0;45;5;6
PR61;08/12/2017 15:51;Frutas y verduras;13;39;28;29;31;44
PR46;02/10/2017 04:10;Frutas y verduras;0;16;4;13;5;42
PB52;17/07/2017 00:07;Ropa de adultos;15;12;28;20;13;18
PE28;17/08/2017 06:00;Tecnología;9;39;9;31;10;9
PI62;12/02/2018 04:55;Juguetes;3;15;28;6;20;29
PH88;07/09/2017 01:16;Bebés ;25;11;38;39;9;32
PA71;13/08/2017 00:07;Electrodomésticos;18;15;18;48;16;21
PB76;11/02/2018 20:04;Ropa de adultos;8;37;24;26;41;29
PP97;21/10/2017 09:11;Licor;11;38;15;13;7;9
PE45;12/03/2018 19:04;Tecnología;9;35;5;27;23;53
PJ58;25/07/2017 17:13;Mascotas;12;13;21;26;4;34
PG85;26/10/2017 17:38;Salud;1;20;31;55;22;27
PT53;06/11/2017 03:31;Tarjetas regalo;40;16;35;39;6;16
PB54;30/05/2018 17:15;Ropa de adultos;15;23;4;63;9;14
PP94;21/01/2018 17:23;Licor;16;11;8;17;0;9
PM20;30/10/2017 00:14;Ferretería;11;35;22;48;25;18
PN88;23/02/2018 14:00;Dormitorio;39;1;8;26;17;25
PD93;22/03/2018 15:27;Celulares;14;39;36;39;36;16
PC18;15/01/2018 10:21;Ropa infantil;11;35;38;37;3;10
PR70;11/05/2018 14:55;Frutas y verduras;32;25;11;55;12;20
PS14;24/03/2018 04:26;Carnicería;22;18;35;16;8;27
PD22;28/11/2017 07:10;Celulares;15;14;33;46;27;34
PP14;10/12/2017 13:33;Licor;24;31;33;57;16;25
PM28;06/11/2017 10:17;Ferretería;28;19;6;28;33;32
PO27;06/04/2018 07:41;Productos ecoamigables;28;15;25;43;1;31
PQ82;07/01/2018 20:25;Lácteos;29;5;11;19;22;5
PG49;25/11/2017 02:13;Salud;29;26;0;52;9;22
PO66;18/08/2017 20:26;Productos ecoamigables;30;16;13;2;1;24
PI17;18/12/2017 15:48;Juguetes;6;36;27;41;2;1
PK46;04/01/2018 20:19;Deportes;19;38;13;35;23;37
PF46;30/01/2018 16:57;Muebles;7;14;29;21;31;22
PQ18;22/05/2018 02:19;Lácteos;0;21;10;34;6;23
PR80;11/03/2018 02:36;Frutas y verduras;22;3;12;41;26;28
PP59;16/06/2018 19:24;Licor;40;25;13;17;19;33
PB12;13/03/2018 03:46;Ropa de adultos;10;20;32;25;4;36
PE43;16/04/2018 18:38;Tecnología;29;10;23;51;20;22
PJ19;14/11/2017 20:30;Mascotas;35;22;30;27;11;44
PD97;23/07/2017 06:51;Celulares;34;8;17;12;28;10
PL41;13/03/2018 21:11;Libros;9;21;6;39;26;18
PM38;26/05/2018 16:36;Ferretería;31;29;17;27;22;9
PE86;30/11/2017 15:38;Tecnología;33;24;3;29;5;21
PB11;25/04/2018 03:43;Ropa de adultos;25;30;31;32;18;3
PT29;20/02/2018 01:03;Tarjetas regalo;34;15;26;37;0;20
PM35;04/04/2018 21:56;Ferretería;22;26;19;25;22;10
PL27;01/03/2018 05:08;Libros;2;8;37;20;38;25
PS75;24/01/2018 11:12;Carnicería;31;15;30;22;30;20
PC44;17/10/2017 21:13;Ropa infantil;34;25;5;33;42;34
PB27;25/09/2017 07:02;Ropa de adultos;37;28;13;34;21;31
PE37;25/12/2017 16:20;Tecnología;20;23;20;47;2;3
PK32;04/09/2017 23:38;Deportes;31;22;9;38;7;26
PJ37;19/03/2018 10:59;Mascotas;40;18;17;37;5;36
PO14;15/06/2018 11:21;Productos ecoamigables;40;0;2;58;20;37
PC42;15/09/2017 23:33;Ropa infantil;23;7;32;24;28;45
PM84;28/03/2018 07:01;Ferretería;25;8;30;11;22;21
PE14;11/01/2018 21:40;Tecnología;11;16;23;33;24;28
PI74;01/05/2018 19:20;Juguetes;4;6;14;6;11;40
PQ39;04/01/2018 18:50;Lácteos;22;13;6;45;14;33
PM84;14/01/2018 12:22;Ferretería;33;20;36;47;6;35
PI55;13/02/2018 19:31;Juguetes;37;25;27;44;31;26
PL22;13/05/2018 21:25;Libros;13;5;39;26;23;11
PB67;01/09/2017 22:21;Ropa de adultos;2;35;11;23;40;32
PA15;30/11/2017 22:12;Electrodomésticos;11;6;4;43;3;24
PP65;02/09/2017 11:35;Licor;25;5;3;39;18;10
PJ55;13/02/2018 11:41;Mascotas;23;20;23;36;21;19
PL20;08/06/2018 08:05;Libros;26;37;24;21;16;28
PQ99;06/10/2017 18:48;Lácteos;22;30;7;3;13;5
PK51;14/05/2018 14:02;Deportes;38;35;31;6;29;29
PN86;06/11/2017 17:21;Dormitorio;1;16;24;17;36;9
PP54;10/11/2017 14:42;Licor;16;1;15;26;12;34
PH12;15/08/2017 17:35;Bebés ;2;17;34;33;36;25
PA38;11/01/2018 01:00;Electrodomésticos;11;26;31;42;19;14
PO37;16/08/2017 17:23;Productos ecoamigables;36;16;24;16;4;9
PR26;10/05/2018 05:52;Frutas y verduras;23;3;15;13;29;17
PC29;06/11/2017 05:30;Ropa infantil;10;1;25;13;8;32
PQ88;20/03/2018 04:59;Lácteos;40;31;30;28;20;27
PB30;09/12/2017 01:26;Ropa de adultos;21;23;33;25;6;36
PQ45;25/06/2018 15:46;Lácteos;23;38;17;37;25;24
PK23;09/10/2017 09:42;Deportes;33;32;30;15;8;34
PB59;16/05/2018 21:02;Ropa de adultos;32;6;6;20;18;33
PS19;01/10/2017 12:07;Carnicería;21;23;14;30;12;25
PB60;22/01/2018 02:35;Ropa de adultos;8;21;7;9;2;12
PL33;17/08/2017 11:54;Libros;26;7;32;34;23;17
PI80;29/11/2017 00:26;Juguetes;0;40;7;22;1;32
PB42;20/02/2018 09:46;Ropa de adultos;36;10;19;66;3;6
PE26;12/11/2017 18:09;Tecnología;14;1;1;39;25;2
PS33;27/09/2017 19:36;Carnicería;36;4;19;41;35;29
PG46;22/12/2017 18:18;Salud;10;9;15;26;26;17
PR60;16/01/2018 05:50;Frutas y verduras;39;22;33;43;26;20
PH32;05/12/2017 17:38;Bebés ;22;36;0;24;5;21
PS65;24/09/2017 19:02;Carnicería;16;19;24;34;18;38
PN98;20/08/2017 04:47;Dormitorio;23;36;40;40;32;11
PR99;12/01/2018 19:00;Frutas y verduras;19;29;18;53;1;16
PA39;08/01/2018 13:35;Electrodomésticos;0;4;23;14;16;22
PM66;06/01/2018 01:36;Ferretería;40;0;8;26;27;27
PK45;06/11/2017 19:09;Deportes;1;31;26;33;11;16
PF50;20/08/2017 03:43;Muebles;25;34;11;74;16;15
PO44;17/08/2017 14:25;Productos ecoamigables;35;20;35;39;35;19
PQ62;05/04/2018 04:02;Lácteos;3;9;24;13;22;34
PS64;28/01/2018 01:37;Carnicería;4;3;5;42;42;4
PI51;30/09/2017 10:32;Juguetes;2;20;12;30;23;39
PL22;31/07/2017 04:39;Libros;26;10;8;36;4;12
PH70;03/04/2018 11:53;Bebés ;18;19;37;55;6;20
PL87;28/11/2017 05:08;Libros;40;34;31;22;6;35
PK60;08/04/2018 04:46;Deportes;26;16;31;43;9;38
PC37;19/05/2018 14:43;Ropa infantil;25;37;33;41;11;15
PD46;12/04/2018 18:53;Celulares;4;40;37;68;34;20
PB57;07/09/2017 20:45;Ropa de adultos;18;11;27;14;8;20
PC16;13/05/2018 05:42;Ropa infantil;33;18;7;34;20;29
PD32;21/04/2018 00:22;Celulares;3;28;20;19;35;48
PO64;31/08/2017 11:08;Productos ecoamigables;14;3;12;28;26;25
PI72;15/09/2017 13:10;Juguetes;7;33;11;36;9;19
PA83;01/01/2018 00:19;Electrodomésticos;19;29;7;35;1;18
PS33;29/04/2018 18:22;Carnicería;5;27;19;52;7;27
PN94;17/01/2018 21:44;Dormitorio;4;25;40;55;8;34
PD51;17/07/2017 01:20;Celulares;36;1;27;25;3;32
PC92;15/07/2017 13:04;Ropa infantil;38;29;23;62;20;11
PG53;06/03/2018 21:25;Salud;8;31;6;38;32;18
PA38;12/03/2018 19:12;Electrodomésticos;28;14;12;34;12;32
PS73;02/05/2018 16:02;Carnicería;16;8;6;33;9;36
PB42;20/06/2018 12:48;Ropa de adultos;17;32;28;40;29;28
PM41;30/07/2017 02:46;Ferretería;12;25;40;32;35;11
PB84;19/10/2017 23:48;Ropa de adultos;29;10;28;33;44;10
PR83;29/08/2017 01:56;Frutas y verduras;10;36;7;25;17;36
PI19;28/10/2017 14:44;Juguetes;0;15;13;23;31;20
PT10;15/05/2018 13:36;Tarjetas regalo;24;27;4;9;14;10
PE36;14/09/2017 22:45;Tecnología;12;34;14;24;4;9
PO76;30/12/2017 13:02;Productos ecoamigables;24;22;40;25;3;39
PT76;07/12/2017 17:09;Tarjetas regalo;7;34;36;29;2;12
PP87;29/12/2017 06:44;Licor;7;4;9;12;21;11
PK43;03/12/2017 18:47;Deportes;32;37;6;7;29;31
PK76;31/10/2017 02:04;Deportes;25;29;9;20;6;22
PS64;18/08/2017 13:38;Carnicería;21;17;7;9;28;9
PK51;02/09/2017 01:27;Deportes;30;39;17;38;4;16
PO30;10/02/2018 21:30;Productos ecoamigables;31;21;15;22;3;30
PI95;18/07/2017 12:57;Juguetes;15;16;16;28;19;34
PI26;19/10/2017 06:32;Juguetes;21;37;26;10;16;39
PF44;17/08/2017 14:37;Muebles;18;38;6;15;20;23
PO78;08/06/2018 14:45;Productos ecoamigables;12;36;5;33;5;12
PH24;12/10/2017 02:26;Bebés ;14;20;6;33;35;36
PP71;01/04/2018 00:48;Licor;38;37;25;32;14;22
PI70;11/10/2017 01:04;Juguetes;13;0;32;33;34;11
PH44;01/01/2018 06:44;Bebés ;32;2;26;1;7;23
PQ75;15/11/2017 18:16;Lácteos;35;21;27;47;15;25
PK79;27/11/2017 15:51;Deportes;20;0;13;40;25;26
PF39;26/05/2018 04:12;Muebles;23;2;4;27;8;15
PF49;13/01/2018 01:00;Muebles;30;8;10;45;45;12
PO18;21/10/2017 10:06;Productos ecoamigables;19;17;34;5;3;55
PD29;19/12/2017 15:40;Celulares;36;4;23;54;10;32
PO67;21/06/2018 21:39;Productos ecoamigables;40;20;24;4;22;24
PB38;05/11/2017 02:11;Ropa de adultos;29;30;16;39;7;60
PT60;20/03/2018 22:08;Tarjetas regalo;26;15;28;27;31;33
PJ43;20/05/2018 10:16;Mascotas;18;2;7;45;9;50
PE80;13/09/2017 13:16;Tecnología;10;32;3;49;9;26
PC52;17/07/2017 18:14;Ropa infantil;6;8;7;28;40;6
PI54;21/05/2018 16:46;Juguetes;11;19;9;24;31;31
PD35;31/08/2017 08:31;Celulares;1;19;38;11;16;10
PO35;28/04/2018 19:47;Productos ecoamigables;11;20;33;18;24;22
PI40;17/03/2018 05:48;Juguetes;34;0;35;33;11;26
PC49;19/09/2017 01:04;Ropa infantil;34;31;38;4;21;17
PQ63;22/05/2018 09:43;Lácteos;22;27;8;47;12;56
PN43;25/09/2017 05:09;Dormitorio;15;34;4;19;35;39
PM24;05/10/2017 22:13;Ferretería;6;19;1;7;19;21
PE98;25/09/2017 19:36;Tecnología;27;4;12;40;23;4
PT39;01/12/2017 13:21;Tarjetas regalo;33;2;7;15;25;4
PA90;24/02/2018 00:00;Electrodomésticos;25;18;5;62;8;3
PQ98;16/07/2017 12:58;Lácteos;39;19;17;27;20;22
PP28;25/11/2017 22:39;Licor;26;31;10;23;44;35
PR52;03/05/2018 19:07;Frutas y verduras;14;2;14;37;7;28
PJ25;18/10/2017 20:37;Mascotas;20;25;10;39;24;48
PM35;19/05/2018 06:46;Ferretería;30;11;4;34;19;37
PT63;21/09/2017 17:04;Tarjetas regalo;13;34;39;34;22;1
PQ60;05/01/2018 06:18;Lácteos;38;29;24;13;33;4
PB99;30/10/2017 20:06;Ropa de adultos;35;23;17;57;14;26
PJ63;21/08/2017 22:02;Mascotas;35;39;15;31;4;40
PQ40;13/08/2017 16:59;Lácteos;3;1;11;19;3;23
PB48;16/12/2017 15:13;Ropa de adultos;33;32;1;9;13;20
PK34;21/02/2018 12:14;Deportes;27;7;22;15;34;7
PA64;07/03/2018 02:32;Electrodomésticos;5;8;26;71;9;31
PB73;22/02/2018 12:03;Ropa de adultos;38;40;28;42;19;27
PH62;01/11/2017 01:27;Bebés ;31;17;8;29;10;26
PT91;30/11/2017 09:18;Tarjetas regalo;31;19;13;38;33;6
PD50;25/04/2018 12:36;Celulares;36;18;1;20;0;15
PE34;17/08/2017 04:47;Tecnología;36;15;29;44;5;14
PK20;17/01/2018 21:25;Deportes;23;19;35;15;3;2
PJ39;28/02/2018 10:30;Mascotas;19;7;22;29;26;25
PH31;07/09/2017 21:48;Bebés ;23;17;40;48;8;11
PS94;15/08/2017 18:34;Carnicería;26;18;2;0;16;33
PB41;13/12/2017 20:07;Ropa de adultos;40;39;11;19;35;28
PD92;01/05/2018 23:42;Celulares;17;35;9;1;13;2
PT30;05/06/2018 21:15;Tarjetas regalo;3;31;8;12;17;22
PH18;29/04/2018 16:20;Bebés ;24;35;29;16;34;24
PT46;26/08/2017 07:59;Tarjetas regalo;3;5;40;37;6;31
PI36;16/12/2017 01:57;Juguetes;39;5;2;19;34;27
PT18;31/01/2018 13:47;Tarjetas regalo;7;30;32;30;8;4
PP68;01/10/2017 02:22;Licor;23;16;37;16;6;26
PC62;26/11/2017 04:40;Ropa infantil;22;18;38;29;28;10
PR74;20/08/2017 23:04;Frutas y verduras;5;37;23;48;5;19
PN56;20/08/2017 06:31;Dormitorio;15;22;32;43;20;35
PJ57;28/07/2017 23:00;Mascotas;25;28;14;14;8;28
PD97;12/06/2018 08:04;Celulares;6;5;31;45;12;5
PP37;02/01/2018 07:25;Licor;15;40;24;43;23;26
PA39;04/09/2017 16:40;Electrodomésticos;22;16;25;19;15;3
PP90;19/05/2018 04:01;Licor;20;6;39;16;18;15
PL75;17/08/2017 19:12;Libros;33;22;25;42;17;12
PR89;30/03/2018 20:28;Frutas y verduras;28;22;29;17;29;18
PB75;14/08/2017 18:40;Ropa de adultos;4;32;4;2;8;14
PM74;31/07/2017 20:35;Ferretería;31;38;18;25;27;18
PD84;25/01/2018 04:15;Celulares;25;24;28;42;10;42
PE58;27/10/2017 07:13;Tecnología;13;22;21;23;42;10
PK69;20/09/2017 01:57;Deportes;12;33;30;56;8;23
PO75;17/08/2017 13:20;Productos ecoamigables;11;39;28;18;46;19
PT12;07/02/2018 03:40;Tarjetas regalo;5;35;34;47;11;5
PJ88;14/05/2018 00:32;Mascotas;15;22;30;49;41;9
PF97;15/10/2017 21:45;Muebles;19;28;32;11;37;39
PT40;15/02/2018 00:07;Tarjetas regalo;16;17;40;22;15;26
PJ97;24/02/2018 21:35;Mascotas;31;16;33;23;24;20
PS26;28/11/2017 13:57;Carnicería;3;24;28;5;35;27
PE81;25/02/2018 20:52;Tecnología;34;16;12;10;12;44
PF81;21/08/2017 08:32;Muebles;5;2;26;31;4;39
PK96;20/09/2017 06:38;Deportes;3;16;13;25;11;58
PT89;09/12/2017 06:53;Tarjetas regalo;8;33;21;19;1;18
PG44;31/05/2018 06:33;Salud;8;34;19;32;8;41
PB21;07/03/2018 11:33;Ropa de adultos;10;11;22;22;15;7
PE89;09/04/2018 09:30;Tecnología;2;31;22;22;29;26
PC41;16/09/2017 14:53;Ropa infantil;16;27;14;30;12;20
PT19;07/11/2017 00:43;Tarjetas regalo;28;28;38;5;39;23
PO45;05/04/2018 11:23;Productos ecoamigables;39;33;16;47;23;23
PR79;17/08/2017 02:38;Frutas y verduras;1;37;29;42;6;25
PI70;20/04/2018 01:19;Juguetes;3;14;7;41;8;25
PO57;05/03/2018 10:33;Productos ecoamigables;5;3;30;38;29;32
PO74;11/08/2017 10:39;Productos ecoamigables;13;22;26;29;24;18
PH23;17/02/2018 15:45;Bebés ;6;16;34;35;6;38
PS22;20/10/2017 09:07;Carnicería;10;31;20;43;2;21
PI10;09/06/2018 23:56;Juguetes;32;14;4;31;25;9
PR15;10/08/2017 06:23;Frutas y verduras;24;34;19;19;13;15
PJ86;07/11/2017 22:47;Mascotas;8;26;22;0;20;50
PI70;20/04/2018 03:52;Juguetes;7;10;14;25;29;16
PI18;23/12/2017 13:24;Juguetes;27;14;0;26;16;12
PH17;15/01/2018 00:15;Bebés ;8;28;36;32;18;30
PT21;18/06/2018 17:15;Tarjetas regalo;4;2;10;25;4;21
PH74;14/06/2018 16:51;Bebés ;34;28;14;33;4;15
PH69;25/04/2018 12:29;Bebés ;34;22;36;40;39;27
PD66;30/07/2017 21:18;Celulares;4;17;25;26;6;27
PJ58;12/06/2018 22:48;Mascotas;34;1;40;40;10;36
PE78;04/10/2017 17:15;Tecnología;13;30;32;24;35;22
PJ81;23/12/2017 00:31;Mascotas;0;23;12;15;26;32
PO43;10/03/2018 05:44;Productos ecoamigables;22;17;18;30;36;27
PE35;11/09/2017 19:14;Tecnología;25;14;39;39;33;48
PB36;16/04/2018 14:38;Ropa de adultos;23;38;33;24;8;30
PJ91;23/07/2017 01:36;Mascotas;13;15;9;23;17;34
PC99;04/05/2018 02:43;Ropa infantil;22;33;29;7;25;14
PQ63;29/07/2017 00:29;Lácteos;31;20;25;22;29;45
PJ65;09/10/2017 05:18;Mascotas;4;8;6;28;18;44
PN67;13/08/2017 19:47;Dormitorio;15;11;21;27;34;31
PG43;09/04/2018 03:24;Salud;34;1;40;18;44;31
PA93;20/01/2018 04:20;Electrodomésticos;15;16;9;41;0;27
PJ29;09/09/2017 04:44;Mascotas;20;38;33;50;1;43
PR81;30/09/2017 13:11;Frutas y verduras;26;6;10;40;28;38
PJ36;10/10/2017 06:12;Mascotas;3;21;26;26;9;4
PS81;04/09/2017 18:35;Carnicería;31;8;26;18;29;13
PC50;20/04/2018 17:37;Ropa infantil;27;17;16;28;26;19
PI69;08/12/2017 16:36;Juguetes;39;34;32;4;24;24
PF75;06/04/2018 20:02;Muebles;23;21;37;22;2;32
PQ35;26/12/2017 09:22;Lácteos;13;3;27;1;5;22
PP88;18/01/2018 11:32;Licor;36;17;5;48;28;27
PP18;03/04/2018 02:21;Licor;25;24;16;33;13;4
PK36;11/04/2018 08:10;Deportes;39;17;17;30;12;16
PR79;24/08/2017 12:14;Frutas y verduras;25;23;38;28;43;19
PR40;12/01/2018 11:58;Frutas y verduras;26;18;17;16;15;36
PR84;05/12/2017 09:44;Frutas y verduras;3;6;15;61;11;37
PR86;25/05/2018 16:03;Frutas y verduras;5;6;21;57;3;9
PL86;14/12/2017 12:38;Libros;38;12;10;27;16;15
PL34;06/03/2018 19:23;Libros;14;14;26;17;12;29
PS31;29/12/2017 04:48;Carnicería;11;9;26;20;19;19
PH75;24/04/2018 04:33;Bebés ;6;21;8;17;3;17
PQ86;16/04/2018 03:09;Lácteos;14;10;38;39;15;9
PG33;04/04/2018 00:19;Salud;17;7;35;32;31;20
PJ73;24/09/2017 17:41;Mascotas;38;28;2;1;12;26
PQ40;14/02/2018 02:38;Lácteos;19;17;22;39;8;18
PE52;28/01/2018 03:58;Tecnología;28;19;21;22;1;26
PH87;01/02/2018 10:11;Bebés ;27;8;17;43;12;23
PD11;29/10/2017 21:16;Celulares;20;8;14;36;14;19
PF48;24/10/2017 20:12;Muebles;16;39;29;12;30;64
PF27;27/09/2017 11:17;Muebles;25;20;35;37;46;25
PR70;11/03/2018 08:20;Frutas y verduras;34;33;36;18;23;32
PT50;25/08/2017 02:04;Tarjetas regalo;24;11;26;26;7;27
PL13;30/11/2017 00:59;Libros;38;1;24;17;39;24
PH73;22/08/2017 23:38;Bebés ;15;28;3;52;15;13
PF93;02/12/2017 22:31;Muebles;29;20;1;16;8;11
PH58;23/04/2018 08:06;Bebés ;9;0;35;44;20;25
PL39;07/04/2018 12:47;Libros;18;21;5;33;19;32
PQ20;24/05/2018 12:40;Lácteos;20;2;2;13;12;17
PD62;28/07/2017 13:05;Celulares;40;12;19;8;29;23
PN33;22/07/2017 01:40;Dormitorio;13;2;13;33;51;19
PB50;19/04/2018 20:00;Ropa de adultos;4;1;20;40;23;30
PJ13;24/05/2018 10:26;Mascotas;7;19;31;27;45;35
PB93;08/04/2018 14:53;Ropa de adultos;12;39;26;15;11;35
PH84;24/05/2018 23:58;Bebés ;33;14;12;30;5;30
PN16;03/11/2017 16:30;Dormitorio;32;32;2;26;10;11
PI98;07/12/2017 12:55;Juguetes;40;1;36;55;24;18
PC58;11/10/2017 01:46;Ropa infantil;14;34;38;30;27;20
PG59;06/09/2017 10:01;Salud;18;26;28;46;8;44
PN52;30/08/2017 12:06;Dormitorio;30;33;16;22;23;23
PI69;20/02/2018 10:08;Juguetes;3;12;14;22;5;39
PI92;31/07/2017 18:30;Juguetes;21;8;37;27;4;29
PT97;27/08/2017 20:12;Tarjetas regalo;36;12;34;38;22;14
PA12;25/11/2017 03:19;Electrodomésticos;11;6;18;50;14;30
PM87;04/05/2018 17:25;Ferretería;3;30;9;33;9;18
PI67;01/08/2017 00:47;Juguetes;12;26;33;57;7;20
PN50;11/04/2018 19:56;Dormitorio;24;4;40;23;9;40
PC12;17/01/2018 07:32;Ropa infantil;9;21;25;43;2;15
PC56;21/08/2017 03:20;Ropa infantil;37;9;31;32;29;0
PG50;02/01/2018 11:39;Salud;7;33;10;59;2;0
PT22;12/08/2017 00:56;Tarjetas regalo;31;15;21;6;2;0
PA20;18/03/2018 04:10;Electrodomésticos;7;2;10;36;38;3
PH55;20/02/2018 22:42;Bebés ;22;31;21;33;24;19
PB82;25/05/2018 08:52;Ropa de adultos;26;22;25;18;7;1
PR56;31/05/2018 09:00;Frutas y verduras;26;5;17;41;10;20
PP61;21/02/2018 13:04;Licor;11;38;17;28;37;17
PC29;04/01/2018 16:31;Ropa infantil;29;6;4;28;11;31
PF87;05/10/2017 06:51;Muebles;5;38;8;33;11;33
PE59;24/08/2017 00:15;Tecnología;4;10;16;26;28;22
PQ33;24/05/2018 18:15;Lácteos;9;14;23;32;24;21
PH87;11/04/2018 09:03;Bebés ;27;16;23;13;1;14
PL56;10/11/2017 01:29;Libros;36;18;30;54;18;34
PH93;21/10/2017 22:23;Bebés ;11;39;12;31;33;16
PT17;14/06/2018 08:25;Tarjetas regalo;5;15;11;21;13;23
PT71;16/10/2017 08:39;Tarjetas regalo;21;37;7;42;27;39
PL30;02/04/2018 13:19;Libros;35;11;6;30;1;50
PB28;01/08/2017 13:15;Ropa de adultos;33;28;25;46;19;19
PJ81;21/11/2017 10:37;Mascotas;0;33;32;11;12;22
PL71;01/09/2017 22:14;Libros;8;21;26;51;7;28
PN37;17/10/2017 23:47;Dormitorio;7;27;30;14;11;28
PT43;12/05/2018 19:36;Tarjetas regalo;39;6;24;47;18;34
PP74;24/02/2018 05:56;Licor;20;20;32;27;16;8
PK33;01/01/2018 18:38;Deportes;34;4;25;40;18;47
PC97;06/09/2017 14:53;Ropa infantil;4;33;7;14;11;26
PH78;10/11/2017 19:50;Bebés ;37;20;24;26;2;24
PG97;27/08/2017 08:07;Salud;21;39;30;51;24;19
PB27;28/02/2018 20:36;Ropa de adultos;11;27;12;15;16;9
PS61;12/08/2017 08:46;Carnicería;15;10;13;22;20;22
PR77;08/06/2018 21:05;Frutas y verduras;13;6;33;47;7;7
PE12;20/06/2018 10:29;Tecnología;16;40;14;9;1;29
PE50;23/03/2018 19:33;Tecnología;36;5;18;49;13;31
PE10;02/06/2018 23:05;Tecnología;10;31;8;14;4;27
PT61;04/12/2017 21:46;Tarjetas regalo;32;13;21;21;9;22
PR41;10/08/2017 05:47;Frutas y verduras;27;6;20;10;30;4
PJ66;26/01/2018 00:02;Mascotas;10;23;25;38;38;21
PT54;20/02/2018 07:49;Tarjetas regalo;21;40;11;15;22;40
PC70;05/03/2018 06:14;Ropa infantil;6;26;32;36;29;35
PN63;24/01/2018 10:06;Dormitorio;28;34;28;0;51;14
PP63;13/08/2017 18:13;Licor;36;11;6;23;33;9
PT83;22/10/2017 14:22;Tarjetas regalo;38;2;7;40;10;23
PO78;22/12/2017 23:44;Productos ecoamigables;0;13;18;13;10;28
PH62;17/07/2017 17:18;Bebés ;11;4;12;36;11;19
PS55;05/06/2018 09:14;Carnicería;36;15;20;41;27;5
PM19;30/12/2017 12:29;Ferretería;12;37;25;35;7;10
PG97;30/07/2017 21:33;Salud;38;7;6;40;12;19
PE27;12/02/2018 12:49;Tecnología;28;4;24;48;9;19
PB67;16/08/2017 01:56;Ropa de adultos;10;23;35;17;15;20
PR52;14/07/2017 20:09;Frutas y verduras;39;26;39;55;12;41
PI57;04/01/2018 13:28;Juguetes;29;3;36;29;4;3
PJ97;24/10/2017 02:24;Mascotas;30;8;37;44;21;37
PB24;15/01/2018 19:52;Ropa de adultos;38;30;2;15;32;14
PG68;08/08/2017 04:00;Salud;5;34;3;10;12;4
PT36;01/11/2017 19:10;Tarjetas regalo;14;20;22;10;10;9
PP75;05/12/2017 00:35;Licor;12;33;21;39;14;27
PC78;30/07/2017 16:43;Ropa infantil;23;21;4;26;10;1
PP18;05/03/2018 05:33;Licor;1;14;31;20;14;27
PD69;25/06/2018 09:08;Celulares;33;10;22;6;10;36
PT85;15/09/2017 03:47;Tarjetas regalo;24;38;30;40;13;37
PC12;02/02/2018 03:27;Ropa infantil;23;26;19;24;21;19
PF79;20/02/2018 14:39;Muebles;8;40;10;49;15;27
PM77;21/06/2018 13:08;Ferretería;29;40;33;10;1;12
PL79;23/01/2018 01:26;Libros;9;40;39;44;9;18
PM74;21/08/2017 16:17;Ferretería;3;4;38;34;2;20
PI63;22/09/2017 02:58;Juguetes;10;29;37;67;36;17
PI36;05/01/2018 02:46;Juguetes;33;3;27;16;31;25
PD44;15/01/2018 06:42;Celulares;12;30;38;29;12;13
PI24;10/12/2017 20:11;Juguetes;17;29;40;26;36;6
PQ21;16/07/2017 18:57;Lácteos;4;3;23;51;29;24
PT33;22/08/2017 15:05;Tarjetas regalo;22;30;30;38;17;10
PP44;25/05/2018 03:47;Licor;11;34;5;19;39;26
PH75;11/03/2018 07:56;Bebés ;5;5;34;24;29;12
PG45;09/12/2017 05:39;Salud;5;26;5;28;4;16
PA83;28/03/2018 03:50;Electrodomésticos;38;12;4;35;18;17
PE63;25/01/2018 10:39;Tecnología;25;19;23;23;3;31
PP79;09/03/2018 04:33;Licor;21;27;12;37;15;11
PK85;06/04/2018 20:21;Deportes;33;20;27;19;4;37
PD97;30/07/2017 18:01;Celulares;4;26;31;25;0;32
PB27;14/03/2018 01:36;Ropa de adultos;12;1;14;17;26;6
PH83;12/04/2018 08:24;Bebés ;5;12;15;36;17;11
PC13;17/03/2018 02:30;Ropa infantil;26;28;17;47;3;7
PT56;26/02/2018 20:16;Tarjetas regalo;15;25;40;43;15;4
PE75;11/11/2017 04:49;Tecnología;24;4;6;52;26;24
PG80;13/02/2018 00:57;Salud;32;30;20;41;26;18
PN81;19/03/2018 04:50;Dormitorio;40;21;2;20;29;36
PO68;21/06/2018 02:13;Productos ecoamigables;24;20;35;19;0;19
PL46;09/08/2017 18:55;Libros;11;20;1;30;27;38
PD98;15/08/2017 03:33;Celulares;13;22;12;15;27;4
PN57;24/06/2018 11:40;Dormitorio;15;12;21;47;4;9
PK37;27/08/2017 12:16;Deportes;39;35;36;26;2;40
PE36;04/03/2018 07:18;Tecnología;39;15;18;38;6;19
PB66;02/08/2017 20:07;Ropa de adultos;35;40;13;44;7;25
PL41;08/10/2017 16:11;Libros;38;3;33;33;37;15
PJ25;29/05/2018 21:00;Mascotas;23;25;7;28;7;16
PK80;24/06/2018 16:49;Deportes;31;5;20;41;34;9
PO37;18/12/2017 00:22;Productos ecoamigables;6;31;27;3;21;28
PM44;16/12/2017 15:05;Ferretería;22;11;24;61;2;15
PA29;07/09/2017 14:25;Electrodomésticos;33;8;2;31;15;27
PH28;07/09/2017 15:32;Bebés ;6;4;4;32;31;20
PR97;14/01/2018 06:45;Frutas y verduras;39;20;33;24;25;20
PB83;23/05/2018 01:12;Ropa de adultos;25;13;34;28;6;19
PP50;14/11/2017 07:08;Licor;33;38;1;13;1;29
PH52;09/02/2018 00:44;Bebés ;7;19;12;49;16;17
PG43;16/09/2017 22:11;Salud;19;26;0;0;9;27
PB50;04/02/2018 14:33;Ropa de adultos;31;12;3;47;36;26
PG33;16/01/2018 23:50;Salud;16;40;39;30;14;37
PT68;28/05/2018 14:29;Tarjetas regalo;18;36;20;14;22;26
PG15;07/01/2018 05:24;Salud;23;29;11;33;7;20
PQ91;03/09/2017 11:51;Lácteos;5;17;22;35;24;15
PO20;19/10/2017 07:47;Productos ecoamigables;24;32;10;20;17;33
PB92;24/05/2018 18:55;Ropa de adultos;9;0;24;57;2;12
PH12;21/08/2017 20:24;Bebés ;11;37;38;24;10;34
PF42;06/06/2018 10:55;Muebles;23;6;34;40;11;7
PI75;04/06/2018 15:10;Juguetes;31;32;0;32;27;11
PL59;02/03/2018 23:59;Libros;9;29;14;27;1;3
PP34;14/06/2018 16:38;Licor;10;24;33;14;20;25
PJ58;25/04/2018 18:58;Mascotas;7;19;15;35;26;45
PH90;07/01/2018 22:03;Bebés ;24;28;7;45;31;37
PB48;13/12/2017 12:10;Ropa de adultos;35;0;23;21;23;12
PS58;02/01/2018 07:03;Carnicería;34;18;3;33;9;24
PC71;22/10/2017 14:49;Ropa infantil;38;13;15;22;36;29
PP51;28/02/2018 15:50;Licor;7;29;11;44;37;52
PB16;08/09/2017 12:58;Ropa de adultos;40;5;0;20;34;28
PJ68;12/09/2017 12:16;Mascotas;0;8;36;39;28;21
PJ26;30/11/2017 14:27;Mascotas;18;18;32;40;21;20
PE90;01/05/2018 21:22;Tecnología;14;36;11;21;33;19
PL21;03/10/2017 14:13;Libros;24;3;39;31;12;23
PE11;25/06/2018 12:02;Tecnología;36;27;18;37;22;40
PP87;01/03/2018 20:17;Licor;7;19;31;24;5;13
PD59;27/07/2017 12:47;Celulares;24;28;2;49;27;49
PM24;10/01/2018 14:38;Ferretería;11;12;2;11;28;14
PN91;21/12/2017 14:51;Dormitorio;1;3;3;22;12;29
PK22;09/11/2017 20:10;Deportes;32;8;29;27;8;27
PD56;26/11/2017 00:44;Celulares;9;39;14;46;10;29
PA28;24/11/2017 01:31;Electrodomésticos;30;30;30;31;17;32
PT63;21/08/2017 09:42;Tarjetas regalo;25;22;37;54;18;13
PJ23;18/07/2017 07:20;Mascotas;21;38;24;15;21;29
PM55;02/11/2017 07:24;Ferretería;25;2;28;50;6;37
PC88;18/08/2017 21:59;Ropa infantil;16;6;19;30;12;34
PE54;20/09/2017 02:11;Tecnología;18;35;16;38;20;42
PA24;15/02/2018 23:22;Electrodomésticos;30;25;2;32;1;15
PC17;16/05/2018 20:42;Ropa infantil;38;34;36;13;19;20
PK56;01/10/2017 17:55;Deportes;4;20;40;15;17;18
PR21;28/04/2018 09:28;Frutas y verduras;31;2;10;35;11;46
PF81;29/04/2018 08:25;Muebles;34;37;27;27;19;23
PM62;28/03/2018 08:36;Ferretería;16;29;28;36;21;19
PP47;10/04/2018 04:10;Licor;0;34;2;53;5;35
PJ51;30/09/2017 22:54;Mascotas;11;38;30;7;32;25
PC33;16/05/2018 19:50;Ropa infantil;18;7;14;41;13;40
PH57;01/08/2017 13:57;Bebés ;32;39;1;19;19;39
PL63;24/03/2018 22:02;Libros;7;1;24;20;40;23
PD10;14/02/2018 12:26;Celulares;22;39;17;37;7;15
PE69;22/03/2018 00:15;Tecnología;32;12;18;35;32;27
PM63;22/05/2018 06:02;Ferretería;35;33;7;57;7;37
PI15;22/06/2018 05:50;Juguetes;36;15;36;17;8;42
PN89;14/09/2017 00:47;Dormitorio;35;19;25;34;29;34
PO44;17/02/2018 12:05;Productos ecoamigables;3;15;22;51;6;15
PR93;01/09/2017 22:27;Frutas y verduras;40;18;0;43;9;5
PT54;15/01/2018 20:29;Tarjetas regalo;28;37;34;32;13;34
PR84;22/05/2018 16:14;Frutas y verduras;13;25;5;6;15;33
PJ13;29/09/2017 02:46;Mascotas;33;29;37;36;34;3
PJ41;21/02/2018 10:28;Mascotas;19;4;40;11;1;27
PG85;30/07/2017 02:53;Salud;30;5;34;50;17;26
PH43;10/01/2018 07:08;Bebés ;29;20;27;22;39;41
PL52;15/10/2017 08:08;Libros;27;19;14;6;22;42
PJ36;08/01/2018 17:51;Mascotas;16;23;35;27;26;27
PB96;18/10/2017 21:46;Ropa de adultos;34;9;14;29;5;38
PR76;03/06/2018 19:51;Frutas y verduras;4;32;2;35;0;19
PN44;21/02/2018 16:25;Dormitorio;33;6;2;28;20;14
PO33;17/04/2018 04:17;Productos ecoamigables;30;40;29;51;5;11
PK12;27/10/2017 22:10;Deportes;8;26;23;10;8;22
PI60;10/12/2017 02:16;Juguetes;2;0;39;20;12;18
PE15;19/06/2018 11:22;Tecnología;7;28;5;55;28;43
PL14;30/04/2018 17:08;Libros;2;10;29;22;27;19
PI33;05/01/2018 15:04;Juguetes;36;9;2;57;34;3
PJ58;05/04/2018 20:48;Mascotas;20;1;39;11;24;32
PS27;20/07/2017 18:25;Carnicería;38;4;34;37;18;8
PJ39;30/05/2018 18:02;Mascotas;25;11;33;29;8;27
PP19;25/10/2017 17:07;Licor;7;12;32;38;6;19
PF97;30/04/2018 07:27;Muebles;13;38;35;2;28;15
PR45;17/03/2018 04:49;Frutas y verduras;20;19;36;2;20;25
PH32;22/11/2017 04:25;Bebés ;21;40;9;30;21;40
PF32;19/10/2017 20:09;Muebles;11;37;32;56;17;23
PL54;19/02/2018 07:38;Libros;33;10;24;8;37;40
PF22;24/02/2018 02:58;Muebles;37;5;4;14;6;27
PI26;10/02/2018 22:42;Juguetes;30;3;26;40;30;22
PI28;07/08/2017 03:24;Juguetes;35;37;11;17;17;10
PS62;19/12/2017 00:54;Carnicería;21;39;36;47;27;12
PC65;08/04/2018 18:38;Ropa infantil;30;14;24;43;16;29
